<xml xmlns:s='uuid:BDC6E3F0-6DA3-11d1-A2A3-00AA00C14882'
	xmlns:dt='uuid:C2F41010-65B3-11d1-A29F-00AA00C14882'
	xmlns:rs='urn:schemas-microsoft-com:rowset'
	xmlns:z='#RowsetSchema'>
<s:Schema id='RowsetSchema'>
	<s:ElementType name='row' content='eltOnly' rs:updatable='true'>
		<s:AttributeType name='LST_ID' rs:number='1' rs:writeunknown='true' rs:basetable='SYS_LIST' rs:basecolumn='LST_ID'>
			<s:datatype dt:type='number' rs:dbtype='numeric' dt:maxLength='19' rs:scale='0' rs:precision='9' rs:fixedlength='true'
			 rs:maybenull='false'/>
		</s:AttributeType>
		<s:AttributeType name='ENTRY_ID' rs:number='2' rs:writeunknown='true' rs:basetable='SYS_LIST' rs:basecolumn='ENTRY_ID'>
			<s:datatype dt:type='number' rs:dbtype='numeric' dt:maxLength='19' rs:scale='0' rs:precision='9' rs:fixedlength='true'
			 rs:maybenull='false'/>
		</s:AttributeType>
		<s:AttributeType name='LANG_ID' rs:number='3' rs:writeunknown='true' rs:basetable='SYS_LIST' rs:basecolumn='LANG_ID'>
			<s:datatype dt:type='number' rs:dbtype='numeric' dt:maxLength='19' rs:scale='0' rs:precision='9' rs:fixedlength='true'
			 rs:maybenull='false'/>
		</s:AttributeType>
		<s:AttributeType name='DB_ID' rs:number='4' rs:nullable='true' rs:writeunknown='true' rs:basetable='SYS_LIST'
			 rs:basecolumn='DB_ID'>
			<s:datatype dt:type='string' rs:dbtype='str' dt:maxLength='5'/>
		</s:AttributeType>
		<s:AttributeType name='NAME' rs:number='5' rs:nullable='true' rs:writeunknown='true' rs:basetable='SYS_LIST'
			 rs:basecolumn='NAME'>
			<s:datatype dt:type='string' rs:dbtype='str' dt:maxLength='120'/>
		</s:AttributeType>
		<s:AttributeType name='DATA' rs:number='6' rs:nullable='true' rs:writeunknown='true' rs:basetable='SYS_LIST'
			 rs:basecolumn='DATA'>
			<s:datatype dt:type='number' rs:dbtype='numeric' dt:maxLength='19' rs:scale='0' rs:precision='3' rs:fixedlength='true'/>
		</s:AttributeType>
		<s:AttributeType name='CODELIST_ID' rs:number='7' rs:nullable='true' rs:writeunknown='true' rs:basetable='SYS_LIST'
			 rs:basecolumn='CODELIST_ID'>
			<s:datatype dt:type='number' rs:dbtype='numeric' dt:maxLength='19' rs:scale='0' rs:precision='9' rs:fixedlength='true'/>
		</s:AttributeType>
		<s:AttributeType name='DOMAIN_ID' rs:number='8' rs:nullable='true' rs:writeunknown='true' rs:basetable='SYS_LIST'
			 rs:basecolumn='DOMAIN_ID'>
			<s:datatype dt:type='number' rs:dbtype='numeric' dt:maxLength='19' rs:scale='0' rs:precision='9' rs:fixedlength='true'/>
		</s:AttributeType>
		<s:AttributeType name='MAINTAINABLE' rs:number='9' rs:nullable='true' rs:writeunknown='true' rs:basetable='SYS_LIST'
			 rs:basecolumn='MAINTAINABLE'>
			<s:datatype dt:type='number' rs:dbtype='numeric' dt:maxLength='19' rs:scale='0' rs:precision='1' rs:fixedlength='true'/>
		</s:AttributeType>
		<s:AttributeType name='ROWID' rs:number='10' rs:nullable='true' rs:rowid='true' rs:basetable='SYS_LIST' rs:basecolumn='ROWID'
			 rs:keycolumn='true' rs:hidden='true' rs:autoincrement='true'>
			<s:datatype dt:type='string' rs:dbtype='str' dt:maxLength='18' rs:fixedlength='true'/>
		</s:AttributeType>
		<s:extends type='rs:rowbase'/>
	</s:ElementType>
</s:Schema>
<rs:data>
	<z:row LST_ID='1000' ENTRY_ID='1' LANG_ID='121' NAME='Auskunft' DATA='50' CODELIST_ID='505' DOMAIN_ID='7' MAINTAINABLE='0'
		 ROWID='AAAHaAAABAAAMbSAAA'/>
	<z:row LST_ID='1000' ENTRY_ID='2' LANG_ID='121' NAME='Datenhalter' DATA='50' CODELIST_ID='505' DOMAIN_ID='3'
		 MAINTAINABLE='0' ROWID='AAAHaAAABAAAMbSAAB'/>
	<z:row LST_ID='1000' ENTRY_ID='3' LANG_ID='121' NAME='Datenverantwortung' DATA='50' CODELIST_ID='505' DOMAIN_ID='2'
		 MAINTAINABLE='0' ROWID='AAAHaAAABAAAMbSAAC'/>
	<z:row LST_ID='1000' ENTRY_ID='4' LANG_ID='121' NAME='Anbieter' DATA='50' CODELIST_ID='505' DOMAIN_ID='1' MAINTAINABLE='0'
		 ROWID='AAAHaAAABAAAMbSAAD'/>
	<z:row LST_ID='1000' ENTRY_ID='8' LANG_ID='121' NAME='Datenerfassung' DATA='50' CODELIST_ID='505' DOMAIN_ID='8'
		 MAINTAINABLE='0' ROWID='AAAHaAAABAAAMbSAAE'/>
	<z:row LST_ID='1000' ENTRY_ID='9' LANG_ID='121' NAME='Auswertung' DATA='50' CODELIST_ID='505' DOMAIN_ID='9'
		 MAINTAINABLE='0' ROWID='AAAHaAAABAAAMbSAAF'/>
	<z:row LST_ID='1100' ENTRY_ID='1' LANG_ID='121' NAME='Harz' DATA='120' MAINTAINABLE='1' ROWID='AAAHaAAABAAAMbSAAG'/>
	<z:row LST_ID='1100' ENTRY_ID='2' LANG_ID='121' NAME='Harzvorland' DATA='120' MAINTAINABLE='1' ROWID='AAAHaAAABAAAMbSAAH'/>
	<z:row LST_ID='1100' ENTRY_ID='3' LANG_ID='121' NAME='Hildesheimer Börde' DATA='120' MAINTAINABLE='1' ROWID='AAAHaAAABAAAMbSAAI'/>
	<z:row LST_ID='1100' ENTRY_ID='4' LANG_ID='121' NAME='Lüneburger Heide' DATA='120' MAINTAINABLE='1' ROWID='AAAHaAAABAAAMbSAAJ'/>
	<z:row LST_ID='1100' ENTRY_ID='5' LANG_ID='121' NAME='Nordseeküste' DATA='120' MAINTAINABLE='1' ROWID='AAAHaAAABAAAMbSAAK'/>
	<z:row LST_ID='1100' ENTRY_ID='6' LANG_ID='121' NAME='Oldenburger Münsterland' DATA='120' MAINTAINABLE='1'
		 ROWID='AAAHaAAABAAAMbSAAL'/>
	<z:row LST_ID='1100' ENTRY_ID='7' LANG_ID='121' NAME='Ostseeküste' DATA='120' MAINTAINABLE='1' ROWID='AAAHaAAABAAAMbSAAM'/>
	<z:row LST_ID='1100' ENTRY_ID='8' LANG_ID='121' NAME='Teutoburger Wald' DATA='120' MAINTAINABLE='1' ROWID='AAAHaAAABAAAMbSAAN'/>
	<z:row LST_ID='1100' ENTRY_ID='9' LANG_ID='121' NAME='Weserbergland' DATA='120' MAINTAINABLE='1' ROWID='AAAHaAAABAAAMbSAAO'/>
	<z:row LST_ID='1100' ENTRY_ID='10' LANG_ID='121' NAME='Wesermarsch' DATA='120' MAINTAINABLE='1' ROWID='AAAHaAAABAAAMbSAAP'/>
	<z:row LST_ID='1100' ENTRY_ID='11' LANG_ID='121' NAME='Solling' DATA='120' MAINTAINABLE='1' ROWID='AAAHaAAABAAAMbSAAQ'/>
	<z:row LST_ID='1100' ENTRY_ID='12' LANG_ID='121' NAME='Elbe-Weser-Dreieck' DATA='120' MAINTAINABLE='1' ROWID='AAAHaAAABAAAMbSAAR'/>
	<z:row LST_ID='1100' ENTRY_ID='13' LANG_ID='121' NAME='Großraum Hannover' DATA='120' MAINTAINABLE='1' ROWID='AAAHaAAABAAAMbSAAS'/>
	<z:row LST_ID='1100' ENTRY_ID='14' LANG_ID='121' NAME='Großraum Braunschweig' DATA='120' MAINTAINABLE='1' ROWID='AAAHaAAABAAAMbSAAT'/>
	<z:row LST_ID='1100' ENTRY_ID='15' LANG_ID='121' NAME='Schutzgebietssystem Elbetal' DATA='120' MAINTAINABLE='1'
		 ROWID='AAAHaAAABAAAMbSAAU'/>
	<z:row LST_ID='1200' ENTRY_ID='1' LANG_ID='121' DB_ID='v' NAME='von' DATA='50' MAINTAINABLE='0' ROWID='AAAHaAAABAAAMbSAAV'/>
	<z:row LST_ID='1200' ENTRY_ID='1' LANG_ID='94' DB_ID='v' NAME='from' DATA='50' MAINTAINABLE='0' ROWID='AAAHaAAABAAAMbSAAV'/>
	<z:row LST_ID='1200' ENTRY_ID='2' LANG_ID='121' DB_ID='s' NAME='seit' DATA='50' MAINTAINABLE='0' ROWID='AAAHaAAABAAAMbSAAW'/>
	<z:row LST_ID='1200' ENTRY_ID='2' LANG_ID='94' DB_ID='s' NAME='since' DATA='50' MAINTAINABLE='0' ROWID='AAAHaAAABAAAMbSAAW'/>
	<z:row LST_ID='1200' ENTRY_ID='3' LANG_ID='121' DB_ID='a' NAME='am' DATA='50' MAINTAINABLE='0' ROWID='AAAHaAAABAAAMbSAAX'/>
	<z:row LST_ID='1200' ENTRY_ID='3' LANG_ID='94' DB_ID='a' NAME='at' DATA='50' MAINTAINABLE='0' ROWID='AAAHaAAABAAAMbSAAX'/>
	<z:row LST_ID='1230' ENTRY_ID='1' LANG_ID='121' NAME='Sekunden' DATA='50' MAINTAINABLE='0' ROWID='AAAHaAAABAAAMbSAAY'/>
	<z:row LST_ID='1230' ENTRY_ID='1' LANG_ID='94' NAME='seconds' DATA='50' MAINTAINABLE='0' ROWID='AAAHaAAABAAAMbSAAY'/>
	<z:row LST_ID='1230' ENTRY_ID='2' LANG_ID='121' NAME='Minuten' DATA='50' MAINTAINABLE='0' ROWID='AAAHaAAABAAAMbSAAZ'/>
	<z:row LST_ID='1230' ENTRY_ID='2' LANG_ID='94' NAME='minutes' DATA='50' MAINTAINABLE='0' ROWID='AAAHaAAABAAAMbSAAZ'/>
	<z:row LST_ID='1230' ENTRY_ID='3' LANG_ID='121' DB_ID='S' NAME='Stunden' DATA='50' MAINTAINABLE='0' ROWID='AAAHaAAABAAAMbSAAa'/>
	<z:row LST_ID='1230' ENTRY_ID='3' LANG_ID='94' DB_ID='S' NAME='hours' DATA='50' MAINTAINABLE='0' ROWID='AAAHaAAABAAAMbSAAa'/>
	<z:row LST_ID='1230' ENTRY_ID='4' LANG_ID='121' DB_ID='T' NAME='Tage' DATA='50' MAINTAINABLE='0' ROWID='AAAHaAAABAAAMbSAAb'/>
	<z:row LST_ID='1230' ENTRY_ID='4' LANG_ID='94' DB_ID='T' NAME='days' DATA='50' MAINTAINABLE='0' ROWID='AAAHaAAABAAAMbSAAb'/>
	<z:row LST_ID='1230' ENTRY_ID='5' LANG_ID='121' DB_ID='M' NAME='Monate' DATA='50' MAINTAINABLE='0' ROWID='AAAHaAAABAAAMbSAAc'/>
	<z:row LST_ID='1230' ENTRY_ID='5' LANG_ID='94' DB_ID='M' NAME='months' DATA='50' MAINTAINABLE='0' ROWID='AAAHaAAABAAAMbSAAc'/>
	<z:row LST_ID='1230' ENTRY_ID='6' LANG_ID='121' DB_ID='J' NAME='Jahre' DATA='50' MAINTAINABLE='0' ROWID='AAAHaAAABAAAMbSAAd'/>
	<z:row LST_ID='1230' ENTRY_ID='6' LANG_ID='94' DB_ID='J' NAME='years' DATA='50' MAINTAINABLE='0' ROWID='AAAHaAAABAAAMbSAAd'/>
	<z:row LST_ID='1320' ENTRY_ID='1' LANG_ID='121' NAME='WinWord' DATA='50' MAINTAINABLE='1' ROWID='AAAHaAAABAAAMbSAAe'/>
	<z:row LST_ID='1320' ENTRY_ID='1' LANG_ID='94' NAME='WinWord' DATA='50' MAINTAINABLE='1' ROWID='AAAHaAAABAAAMbSAAe'/>
	<z:row LST_ID='1320' ENTRY_ID='2' LANG_ID='121' NAME='ASCII' DATA='50' MAINTAINABLE='1' ROWID='AAAHaAAABAAAMbSAAf'/>
	<z:row LST_ID='1320' ENTRY_ID='2' LANG_ID='94' NAME='ASCII' DATA='50' MAINTAINABLE='1' ROWID='AAAHaAAABAAAMbSAAf'/>
	<z:row LST_ID='1320' ENTRY_ID='3' LANG_ID='121' NAME='Excel' DATA='50' MAINTAINABLE='1' ROWID='AAAHaAAABAAAMbSAAg'/>
	<z:row LST_ID='1320' ENTRY_ID='3' LANG_ID='94' NAME='Excel' DATA='50' MAINTAINABLE='1' ROWID='AAAHaAAABAAAMbSAAg'/>
	<z:row LST_ID='1320' ENTRY_ID='4' LANG_ID='121' NAME='TIFF' DATA='50' MAINTAINABLE='1' ROWID='AAAHaAAABAAAMbSAAh'/>
	<z:row LST_ID='1320' ENTRY_ID='4' LANG_ID='94' NAME='TIFF' DATA='50' MAINTAINABLE='1' ROWID='AAAHaAAABAAAMbSAAh'/>
	<z:row LST_ID='1320' ENTRY_ID='5' LANG_ID='121' NAME='Bitmap' DATA='50' MAINTAINABLE='1' ROWID='AAAHaAAABAAAMbSAAi'/>
	<z:row LST_ID='1320' ENTRY_ID='5' LANG_ID='94' NAME='Bitmap' DATA='50' MAINTAINABLE='1' ROWID='AAAHaAAABAAAMbSAAi'/>
	<z:row LST_ID='1320' ENTRY_ID='6' LANG_ID='121' NAME='GIF' DATA='50' MAINTAINABLE='1' ROWID='AAAHaAAABAAAMbSAAj'/>
	<z:row LST_ID='1320' ENTRY_ID='6' LANG_ID='94' NAME='GIF' DATA='50' MAINTAINABLE='1' ROWID='AAAHaAAABAAAMbSAAj'/>
	<z:row LST_ID='1320' ENTRY_ID='7' LANG_ID='121' NAME='shape-files' DATA='50' MAINTAINABLE='1' ROWID='AAAHaAAABAAAMbSAAk'/>
	<z:row LST_ID='1320' ENTRY_ID='7' LANG_ID='94' NAME='shape-files' DATA='50' MAINTAINABLE='1' ROWID='AAAHaAAABAAAMbSAAk'/>
	<z:row LST_ID='1320' ENTRY_ID='8' LANG_ID='121' NAME='DXF' DATA='50' MAINTAINABLE='1' ROWID='AAAHaAAABAAAMbSAAl'/>
	<z:row LST_ID='1320' ENTRY_ID='8' LANG_ID='94' NAME='DXF' DATA='50' MAINTAINABLE='1' ROWID='AAAHaAAABAAAMbSAAl'/>
	<z:row LST_ID='1320' ENTRY_ID='9' LANG_ID='121' NAME='HTML' DATA='50' MAINTAINABLE='1' ROWID='AAAHaAAABAAAMbSAAm'/>
	<z:row LST_ID='1320' ENTRY_ID='9' LANG_ID='94' NAME='HTML' DATA='50' MAINTAINABLE='1' ROWID='AAAHaAAABAAAMbSAAm'/>
	<z:row LST_ID='1320' ENTRY_ID='10' LANG_ID='121' NAME='ARC/INFO-Coverage' DATA='50' MAINTAINABLE='1' ROWID='AAAHaAAABAAAMbSAAn'/>
	<z:row LST_ID='1320' ENTRY_ID='10' LANG_ID='94' NAME='ARC/INFO-Coverage' DATA='50' MAINTAINABLE='1' ROWID='AAAHaAAABAAAMbSAAn'/>
	<z:row LST_ID='1320' ENTRY_ID='11' LANG_ID='121' NAME='EDBS' DATA='50' MAINTAINABLE='1' ROWID='AAAHaAAABAAAMbSAAo'/>
	<z:row LST_ID='1320' ENTRY_ID='11' LANG_ID='94' NAME='EDBS' DATA='50' MAINTAINABLE='1' ROWID='AAAHaAAABAAAMbSAAo'/>
	<z:row LST_ID='1320' ENTRY_ID='12' LANG_ID='121' NAME='E00-Austauschformat' DATA='50' MAINTAINABLE='1' ROWID='AAAHaAAABAAAMbSAAp'/>
	<z:row LST_ID='1320' ENTRY_ID='12' LANG_ID='94' NAME='E00 Exchange Format' DATA='50' MAINTAINABLE='1' ROWID='AAAHaAAABAAAMbSAAp'/>
	<z:row LST_ID='1350' ENTRY_ID='1' LANG_ID='121' NAME='Atomgesetz (AtG)' DATA='50' MAINTAINABLE='1' ROWID='AAAHaAAABAAAMbSAAq'/>
	<z:row LST_ID='1350' ENTRY_ID='2' LANG_ID='121' NAME='Baugesetzbuch (BauGB)' DATA='50' MAINTAINABLE='1' ROWID='AAAHaAAABAAAMbSAAr'/>
	<z:row LST_ID='1350' ENTRY_ID='3' LANG_ID='121' NAME='Bürgerl. Gesetzbuch (BGB)' DATA='50' MAINTAINABLE='1'
		 ROWID='AAAHaAAABAAAMbSAAs'/>
	<z:row LST_ID='1350' ENTRY_ID='4' LANG_ID='121' NAME='Bodenschutzgesetz (BodSchG)' DATA='50' MAINTAINABLE='1'
		 ROWID='AAAHaAAABAAAMbSAAt'/>
	<z:row LST_ID='1350' ENTRY_ID='5' LANG_ID='121' NAME='Bundesberggesetz (BBergG)' DATA='50' MAINTAINABLE='1'
		 ROWID='AAAHaAAABAAAMbSAAu'/>
	<z:row LST_ID='1350' ENTRY_ID='7' LANG_ID='121' NAME='Bundesnaturschutzgesetz (BNatSchG)' DATA='50' MAINTAINABLE='1'
		 ROWID='AAAHaAAABAAAMbSAAv'/>
	<z:row LST_ID='1350' ENTRY_ID='8' LANG_ID='121' NAME='Bundeswaldgesetz (BundeswaldG)' DATA='50' MAINTAINABLE='1'
		 ROWID='AAAHaAAABAAAMbSAAw'/>
	<z:row LST_ID='1350' ENTRY_ID='9' LANG_ID='121' NAME='Chemikaliengesetz (ChemG)' DATA='50' MAINTAINABLE='1'
		 ROWID='AAAHaAAABAAAMbSAAx'/>
	<z:row LST_ID='1350' ENTRY_ID='10' LANG_ID='121' NAME='Flurbereinigungsgesetz (FlurbG)' DATA='50' MAINTAINABLE='1'
		 ROWID='AAAHaAAABAAAMbSAAy'/>
	<z:row LST_ID='1350' ENTRY_ID='11' LANG_ID='121' NAME='Gentechnikgesetz (GenTG)' DATA='50' MAINTAINABLE='1'
		 ROWID='AAAHaAAABAAAMbSAAz'/>
	<z:row LST_ID='1350' ENTRY_ID='13' LANG_ID='121' NAME='Kreislaufwirtschafts- u. Abfallgesetz (KrW-/AbfG)' DATA='50'
		 MAINTAINABLE='1' ROWID='AAAHaAAABAAAMbSAA0'/>
	<z:row LST_ID='1350' ENTRY_ID='14' LANG_ID='121' NAME='Landesabfallgesetz (LAbfG)' DATA='50' MAINTAINABLE='1'
		 ROWID='AAAHaAAABAAAMbSAA1'/>
	<z:row LST_ID='1350' ENTRY_ID='15' LANG_ID='121' NAME='Landesabfallwirtschaftsgesetz (LAbfWG)' DATA='50' MAINTAINABLE='1'
		 ROWID='AAAHaAAABAAAMbSAA2'/>
	<z:row LST_ID='1350' ENTRY_ID='16' LANG_ID='121' NAME='Landschaftsgesetz (LG)' DATA='50' MAINTAINABLE='1' ROWID='AAAHaAAABAAAMbSAA3'/>
	<z:row LST_ID='1350' ENTRY_ID='17' LANG_ID='121' NAME='Pflanzenschutzgesetz (PflSchG)' DATA='50' MAINTAINABLE='1'
		 ROWID='AAAHaAAABAAAMbSAA4'/>
	<z:row LST_ID='1350' ENTRY_ID='18' LANG_ID='121' NAME='Raumordnungsgesetz (ROG)' DATA='50' MAINTAINABLE='1'
		 ROWID='AAAHaAAABAAAMbSAA5'/>
	<z:row LST_ID='1350' ENTRY_ID='19' LANG_ID='121' NAME='Strahlenschutzvorsorgegesetz (StrVG)' DATA='50' MAINTAINABLE='1'
		 ROWID='AAAHaAAABAAAMbSAA6'/>
	<z:row LST_ID='1350' ENTRY_ID='20' LANG_ID='121' NAME='Tierschutzgesetz (TierSchG)' DATA='50' MAINTAINABLE='1'
		 ROWID='AAAHaAAABAAAMbSAA7'/>
	<z:row LST_ID='1350' ENTRY_ID='21' LANG_ID='121' NAME='Umwelthaftungsgesetz (UmweltHG)' DATA='50' MAINTAINABLE='1'
		 ROWID='AAAHaAAABAAAMbSAA8'/>
	<z:row LST_ID='1350' ENTRY_ID='22' LANG_ID='121' NAME='Umweltinformationsgesetz (UIG)' DATA='50' MAINTAINABLE='1'
		 ROWID='AAAHaAAABAAAMbSAA9'/>
	<z:row LST_ID='1350' ENTRY_ID='23' LANG_ID='121' NAME='Verwaltungsverfahrensgesetz (VwVfG)' DATA='50' MAINTAINABLE='1'
		 ROWID='AAAHaAAABAAAMbSAA+'/>
	<z:row LST_ID='1350' ENTRY_ID='24' LANG_ID='121' NAME='Bundeswasserstraßengesetz (WaStrG)' DATA='50' MAINTAINABLE='1'
		 ROWID='AAAHaAAABAAAMbSAA/'/>
	<z:row LST_ID='1350' ENTRY_ID='25' LANG_ID='121' NAME='Wasserhaushaltsgesetz (WHG)' DATA='50' MAINTAINABLE='1'
		 ROWID='AAAHaAAABAAAMbSABA'/>
	<z:row LST_ID='1350' ENTRY_ID='26' LANG_ID='121' NAME='Umweltstatistikgesetz (Fass. 21.06.1994)' DATA='50' MAINTAINABLE='1'
		 ROWID='AAAHaAAABAAAMbSABB'/>
	<z:row LST_ID='1350' ENTRY_ID='27' LANG_ID='121' NAME='Umweltstatistikgesetz (Fass. 14.03.1980)' DATA='50' MAINTAINABLE='1'
		 ROWID='AAAHaAAABAAAMbSABC'/>
	<z:row LST_ID='1350' ENTRY_ID='29' LANG_ID='121' NAME='Trinkwasserverordnung (TrinkwV)' DATA='50' MAINTAINABLE='1'
		 ROWID='AAAHaAAABAAAMbSABD'/>
	<z:row LST_ID='1350' ENTRY_ID='30' LANG_ID='121' NAME='TA Siedlungsabfall' DATA='50' MAINTAINABLE='1' ROWID='AAAHaAAABAAAMbSABE'/>
	<z:row LST_ID='1350' ENTRY_ID='31' LANG_ID='121' NAME='TA Abfall' DATA='50' MAINTAINABLE='1' ROWID='AAAHaAAABAAAMbSABF'/>
	<z:row LST_ID='1350' ENTRY_ID='32' LANG_ID='121' NAME='Strahlenschutzverordnung (StrlSchVO)' DATA='50' MAINTAINABLE='1'
		 ROWID='AAAHaAAABAAAMbSABG'/>
	<z:row LST_ID='1350' ENTRY_ID='33' LANG_ID='121' NAME='Richtl. Em.- u. Im.-Überwachung. kerntech. Anl.' DATA='50'
		 MAINTAINABLE='1' ROWID='AAAHaAAABAAAMbSABH'/>
	<z:row LST_ID='1350' ENTRY_ID='34' LANG_ID='121' NAME='RdErl. d. ML v. 16.1.1986, GültL 10/66' DATA='50' MAINTAINABLE='1'
		 ROWID='AAAHaAAABAAAMbSABI'/>
	<z:row LST_ID='1350' ENTRY_ID='35' LANG_ID='121' NAME='Nieders. Wassergesetz (NWG)' DATA='50' MAINTAINABLE='1'
		 ROWID='AAAHaAAABAAAMbSABJ'/>
	<z:row LST_ID='1350' ENTRY_ID='36' LANG_ID='121' NAME='Nieders. Naturschutzgesetz (NNatG)' DATA='50' MAINTAINABLE='1'
		 ROWID='AAAHaAAABAAAMbSABK'/>
	<z:row LST_ID='1350' ENTRY_ID='38' LANG_ID='121' NAME='Nieders. Abfallgesetz (NAbfG)' DATA='50' MAINTAINABLE='1'
		 ROWID='AAAHaAAABAAAMbSABL'/>
	<z:row LST_ID='1350' ENTRY_ID='39' LANG_ID='121' NAME='Nieders. Deichgesetz (NDG)' DATA='50' MAINTAINABLE='1'
		 ROWID='AAAHaAAABAAAMbSABM'/>
	<z:row LST_ID='1350' ENTRY_ID='40' LANG_ID='121' NAME='Nieders. Abfallgesetz. 6. Teil &#x22;Altlasten&#x22;'
		 DATA='50' MAINTAINABLE='1' ROWID='AAAHaAAABAAAMbSABN'/>
	<z:row LST_ID='1350' ENTRY_ID='41' LANG_ID='121' NAME='Nieders. Abfallabgabengesetz' DATA='50' MAINTAINABLE='1'
		 ROWID='AAAHaAAABAAAMbSABO'/>
	<z:row LST_ID='1350' ENTRY_ID='42' LANG_ID='121' NAME='Landesraumordnungsprogramm LROP' DATA='50' MAINTAINABLE='1'
		 ROWID='AAAHaAAABAAAMbSABP'/>
	<z:row LST_ID='1350' ENTRY_ID='43' LANG_ID='121' NAME='KTA 1508' DATA='50' MAINTAINABLE='1' ROWID='AAAHaAAABAAAMbSABQ'/>
	<z:row LST_ID='1350' ENTRY_ID='45' LANG_ID='121' NAME='Gesetz über eine Holzstatistik' DATA='50' MAINTAINABLE='1'
		 ROWID='AAAHaAAABAAAMbSABR'/>
	<z:row LST_ID='1350' ENTRY_ID='46' LANG_ID='121' NAME='Ges. Statistik im Produzierenden Gewerbe' DATA='50' MAINTAINABLE='1'
		 ROWID='AAAHaAAABAAAMbSABS'/>
	<z:row LST_ID='1350' ENTRY_ID='47' LANG_ID='121' NAME='Gesetz ü. d. Umweltverträglichkeitsprüfung (UVPG)'
		 DATA='50' MAINTAINABLE='1' ROWID='AAAHaAAABAAAMbSABT'/>
	<z:row LST_ID='1350' ENTRY_ID='48' LANG_ID='121' NAME='Erlaß Nds. Umweltministerium vom 16.10.1992' DATA='50'
		 MAINTAINABLE='1' ROWID='AAAHaAAABAAAMbSABU'/>
	<z:row LST_ID='1350' ENTRY_ID='49' LANG_ID='121' NAME='Bundesimmissionsschutzgesetz (BImSchG)' DATA='50' MAINTAINABLE='1'
		 ROWID='AAAHaAAABAAAMbSABV'/>
	<z:row LST_ID='1350' ENTRY_ID='50' LANG_ID='121' NAME='BImSchG §47a' DATA='50' MAINTAINABLE='1' ROWID='AAAHaAAABAAAMbSABW'/>
	<z:row LST_ID='1350' ENTRY_ID='51' LANG_ID='121' NAME='Arbeitsschutzgesetz' DATA='50' MAINTAINABLE='1' ROWID='AAAHaAAABAAAMbSABX'/>
	<z:row LST_ID='1350' ENTRY_ID='52' LANG_ID='121' NAME='Anleitung zur Berechnung von Fluglärm' DATA='50' MAINTAINABLE='1'
		 ROWID='AAAHaAAABAAAMbSABY'/>
	<z:row LST_ID='1350' ENTRY_ID='53' LANG_ID='121' NAME='Agrarstatistikgesetz (AgrStatG)' DATA='50' MAINTAINABLE='1'
		 ROWID='AAAHaAAABAAAMbSABZ'/>
	<z:row LST_ID='1350' ENTRY_ID='54' LANG_ID='121' NAME='Abfallklärschlammverordnung (AbfKlärV)' DATA='50' MAINTAINABLE='1'
		 ROWID='AAAHaAAABAAAMbSABa'/>
	<z:row LST_ID='1350' ENTRY_ID='55' LANG_ID='121' NAME='Bundesimmissionsschutzverordnung, 23.' DATA='50' MAINTAINABLE='1'
		 ROWID='AAAHaAAABAAAMbSABb'/>
	<z:row LST_ID='1350' ENTRY_ID='56' LANG_ID='121' NAME='Abwasserabgabengesetz (AbwAG)' DATA='50' MAINTAINABLE='1'
		 ROWID='AAAHaAAABAAAMbSABc'/>
	<z:row LST_ID='1350' ENTRY_ID='57' LANG_ID='121' NAME='Wasserhaushaltsgesetz (WHG) § 7a' DATA='50' MAINTAINABLE='1'
		 ROWID='AAAHaAAABAAAMbSABd'/>
	<z:row LST_ID='1350' ENTRY_ID='58' LANG_ID='121' NAME='§ 152 NWG (Abwasserbeseitigungspläne)' DATA='0' MAINTAINABLE='1'
		 ROWID='AAAHaAAABAAAMbSABe'/>
	<z:row LST_ID='1350' ENTRY_ID='59' LANG_ID='121' NAME='§ 52 Nieders. Wassergesetz (NWG)' DATA='0' MAINTAINABLE='1'
		 ROWID='AAAHaAAABAAAMbSABf'/>
	<z:row LST_ID='1350' ENTRY_ID='60' LANG_ID='121' NAME='§ 67 NWG' DATA='0' MAINTAINABLE='1' ROWID='AAAHaAAABAAAMbSABg'/>
	<z:row LST_ID='1350' ENTRY_ID='61' LANG_ID='121' NAME='23. Bundesimmissionsschutzverordnung' DATA='0' MAINTAINABLE='1'
		 ROWID='AAAHaAAABAAAMbSABh'/>
	<z:row LST_ID='1350' ENTRY_ID='62' LANG_ID='121' NAME='Abfallgesetz (AbfG)' DATA='0' MAINTAINABLE='1' ROWID='AAAHaAAABAAAMbSABi'/>
	<z:row LST_ID='1350' ENTRY_ID='63' LANG_ID='121' NAME='AdV-Plenumsbeschluß von 1994' DATA='0' MAINTAINABLE='1'
		 ROWID='AAAHaAAABAAAMbSABj'/>
	<z:row LST_ID='1350' ENTRY_ID='64' LANG_ID='121' NAME='AdV-Plenumsbeschluß von1994' DATA='0' MAINTAINABLE='1'
		 ROWID='AAAHaAAABAAAMbSABk'/>
	<z:row LST_ID='1350' ENTRY_ID='65' LANG_ID='121' NAME='Agrarstatistikgesetz AgrStatG' DATA='0' MAINTAINABLE='1'
		 ROWID='AAAHaAAABAAAMbSABl'/>
	<z:row LST_ID='1350' ENTRY_ID='67' LANG_ID='121' NAME='Betriebssatzung der LGN v. 7.7.1997' DATA='0' MAINTAINABLE='1'
		 ROWID='AAAHaAAABAAAMbSABm'/>
	<z:row LST_ID='1350' ENTRY_ID='68' LANG_ID='121' NAME='Bundesimmissionsschutzverordnung' DATA='0' MAINTAINABLE='1'
		 ROWID='AAAHaAAABAAAMbSABn'/>
	<z:row LST_ID='1370' ENTRY_ID='1' LANG_ID='121' NAME='CDS' DATA='50' MAINTAINABLE='1' ROWID='AAAHaAAABAAAMbSABo'/>
	<z:row LST_ID='2240' ENTRY_ID='1' LANG_ID='121' NAME='ASCII' DATA='50' MAINTAINABLE='1' ROWID='AAAHaAAABAAAMbSABp'/>
	<z:row LST_ID='2240' ENTRY_ID='2' LANG_ID='121' NAME='HTML' DATA='50' MAINTAINABLE='1' ROWID='AAAHaAAABAAAMbSABq'/>
	<z:row LST_ID='2240' ENTRY_ID='3' LANG_ID='121' NAME='GIF' DATA='50' MAINTAINABLE='1' ROWID='AAAHaAAABAAAMbSABr'/>
	<z:row LST_ID='2251' ENTRY_ID='1' LANG_ID='121' NAME='Internet' DATA='50' MAINTAINABLE='1' ROWID='AAAHaAAABAAAMbSABs'/>
	<z:row LST_ID='2251' ENTRY_ID='1' LANG_ID='94' NAME='internet' DATA='50' MAINTAINABLE='1' ROWID='AAAHaAAABAAAMbSABs'/>
	<z:row LST_ID='2251' ENTRY_ID='2' LANG_ID='121' NAME='Intranet' DATA='50' MAINTAINABLE='1' ROWID='AAAHaAAABAAAMbSABt'/>
	<z:row LST_ID='2251' ENTRY_ID='2' LANG_ID='94' NAME='intranet' DATA='50' MAINTAINABLE='1' ROWID='AAAHaAAABAAAMbSABt'/>
	<z:row LST_ID='3385' ENTRY_ID='1' LANG_ID='121' NAME='Aufsatz/Artikel/Tagungsbeitrag' DATA='50' MAINTAINABLE='1'
		 ROWID='AAAHaAAABAAAMbSABx'/>
	<z:row LST_ID='3385' ENTRY_ID='1' LANG_ID='94' NAME='Article/Conference Contribution' DATA='50' MAINTAINABLE='1'
		 ROWID='AAAHaAAABAAAMbSABx'/>
	<z:row LST_ID='3385' ENTRY_ID='2' LANG_ID='121' NAME='Broschüre/Bericht' DATA='50' MAINTAINABLE='1' ROWID='AAAHaAAABAAAMbSABy'/>
	<z:row LST_ID='3385' ENTRY_ID='2' LANG_ID='94' NAME='Brochure/Bulletin' DATA='50' MAINTAINABLE='1' ROWID='AAAHaAAABAAAMbSABy'/>
	<z:row LST_ID='3385' ENTRY_ID='3' LANG_ID='121' NAME='Zeitschrift' DATA='50' MAINTAINABLE='1' ROWID='AAAHaAAABAAAMbSABz'/>
	<z:row LST_ID='3385' ENTRY_ID='3' LANG_ID='94' NAME='Journal' DATA='50' MAINTAINABLE='1' ROWID='AAAHaAAABAAAMbSABz'/>
	<z:row LST_ID='3385' ENTRY_ID='4' LANG_ID='121' NAME='Buch/Monographie/Reihe' DATA='50' MAINTAINABLE='1' ROWID='AAAHaAAABAAAMbSAB0'/>
	<z:row LST_ID='3385' ENTRY_ID='4' LANG_ID='94' NAME='Book/Monograph/Series' DATA='50' MAINTAINABLE='1' ROWID='AAAHaAAABAAAMbSAB0'/>
	<z:row LST_ID='3385' ENTRY_ID='5' LANG_ID='121' NAME='Tagungsband/Sammelwerk' DATA='50' MAINTAINABLE='1' ROWID='AAAHaAAABAAAMbSAB1'/>
	<z:row LST_ID='3385' ENTRY_ID='5' LANG_ID='94' NAME='Proceedings/Compilation' DATA='50' MAINTAINABLE='1' ROWID='AAAHaAAABAAAMbSAB1'/>
	<z:row LST_ID='3385' ENTRY_ID='6' LANG_ID='121' NAME='Fachgutachten' DATA='50' MAINTAINABLE='1' ROWID='AAAHaAAABAAAMbSAB2'/>
	<z:row LST_ID='3385' ENTRY_ID='6' LANG_ID='94' NAME='Expert Report' DATA='50' MAINTAINABLE='1' ROWID='AAAHaAAABAAAMbSAB2'/>
	<z:row LST_ID='3535' ENTRY_ID='1' LANG_ID='121' NAME='von Drachenfels 94' DATA='50' MAINTAINABLE='1' ROWID='AAAHaAAABAAAMbSAB3'/>
	<z:row LST_ID='3555' ENTRY_ID='1' LANG_ID='121' NAME='Ganzflächige Biotopkartierung 94' DATA='50' MAINTAINABLE='1'
		 ROWID='AAAHaAAABAAAMbSAB4'/>
	<z:row LST_ID='3571' ENTRY_ID='1' LANG_ID='121' NAME='Internet' DATA='50' MAINTAINABLE='1' ROWID='AAAHaAAABAAAMbSAB7'/>
	<z:row LST_ID='3571' ENTRY_ID='1' LANG_ID='94' NAME='internet' DATA='50' MAINTAINABLE='1' ROWID='AAAHaAAABAAAMbSAB7'/>
	<z:row LST_ID='3571' ENTRY_ID='2' LANG_ID='121' NAME='Intranet' DATA='50' MAINTAINABLE='1' ROWID='AAAHaAAABAAAMbSAB8'/>
	<z:row LST_ID='3571' ENTRY_ID='2' LANG_ID='94' NAME='intranet' DATA='50' MAINTAINABLE='1' ROWID='AAAHaAAABAAAMbSAB8'/>
	<z:row LST_ID='3571' ENTRY_ID='3' LANG_ID='121' NAME='amtsintern' DATA='50' MAINTAINABLE='1' ROWID='AAAHaAAABAAAMbSAB9'/>
	<z:row LST_ID='3571' ENTRY_ID='3' LANG_ID='94' NAME='internal' DATA='50' MAINTAINABLE='1' ROWID='AAAHaAAABAAAMbSAB9'/>
	<z:row LST_ID='3571' ENTRY_ID='4' LANG_ID='121' NAME='nicht freigegeben' DATA='50' MAINTAINABLE='1' ROWID='AAAHaAAABAAAMbSAB+'/>
	<z:row LST_ID='4300' ENTRY_ID='1' LANG_ID='121' NAME='Frau' DATA='50' MAINTAINABLE='1' ROWID='AAAHaAAABAAAMbSAB/'/>
	<z:row LST_ID='4300' ENTRY_ID='1' LANG_ID='94' NAME='Ms' DATA='50' MAINTAINABLE='1' ROWID='AAAHaAAABAAAMbSAB/'/>
	<z:row LST_ID='4300' ENTRY_ID='2' LANG_ID='121' NAME='Herr' DATA='50' MAINTAINABLE='1' ROWID='AAAHaAAABAAAMbSACA'/>
	<z:row LST_ID='4300' ENTRY_ID='2' LANG_ID='94' NAME='Mr' DATA='50' MAINTAINABLE='1' ROWID='AAAHaAAABAAAMbSACA'/>
	<z:row LST_ID='4305' ENTRY_ID='1' LANG_ID='121' NAME='Dr.' DATA='50' MAINTAINABLE='1' ROWID='AAAHaAAABAAAMbSACB'/>
	<z:row LST_ID='4305' ENTRY_ID='1' LANG_ID='94' NAME='Dr.' DATA='50' MAINTAINABLE='1' ROWID='AAAHaAAABAAAMbSACB'/>
	<z:row LST_ID='4305' ENTRY_ID='2' LANG_ID='121' NAME='Prof.' DATA='50' MAINTAINABLE='1' ROWID='AAAHaAAABAAAMbSACC'/>
	<z:row LST_ID='4305' ENTRY_ID='2' LANG_ID='94' NAME='Prof.' DATA='50' MAINTAINABLE='1' ROWID='AAAHaAAABAAAMbSACC'/>
	<z:row LST_ID='4305' ENTRY_ID='3' LANG_ID='121' NAME='Prof. Dr.' DATA='50' MAINTAINABLE='1' ROWID='AAAHaAAABAAAMbSACD'/>
	<z:row LST_ID='4305' ENTRY_ID='3' LANG_ID='94' NAME='Prof. Dr.' DATA='50' MAINTAINABLE='1' ROWID='AAAHaAAABAAAMbSACD'/>
	<z:row LST_ID='4430' ENTRY_ID='1' LANG_ID='121' NAME='Telefon' DATA='50' MAINTAINABLE='1' ROWID='AAAHaAAABAAAMbSACE'/>
	<z:row LST_ID='4430' ENTRY_ID='1' LANG_ID='94' NAME='telephone' DATA='50' MAINTAINABLE='1' ROWID='AAAHaAAABAAAMbSACE'/>
	<z:row LST_ID='4430' ENTRY_ID='2' LANG_ID='121' NAME='Fax' DATA='50' MAINTAINABLE='1' ROWID='AAAHaAAABAAAMbSACF'/>
	<z:row LST_ID='4430' ENTRY_ID='2' LANG_ID='94' NAME='fax' DATA='50' MAINTAINABLE='1' ROWID='AAAHaAAABAAAMbSACF'/>
	<z:row LST_ID='4430' ENTRY_ID='3' LANG_ID='121' NAME='E-mail' DATA='50' MAINTAINABLE='1' ROWID='AAAHaAAABAAAMbSACG'/>
	<z:row LST_ID='4430' ENTRY_ID='3' LANG_ID='94' NAME='e-mail' DATA='50' MAINTAINABLE='1' ROWID='AAAHaAAABAAAMbSACG'/>
	<z:row LST_ID='4430' ENTRY_ID='4' LANG_ID='121' NAME='URL' DATA='50' MAINTAINABLE='1' ROWID='AAAHaAAABAAAMbSACH'/>
	<z:row LST_ID='4430' ENTRY_ID='4' LANG_ID='94' NAME='URL' DATA='50' MAINTAINABLE='1' ROWID='AAAHaAAABAAAMbSACH'/>
	<z:row LST_ID='4430' ENTRY_ID='5' LANG_ID='121' NAME='X.400' DATA='50' MAINTAINABLE='1' ROWID='AAAHaAAABAAAMbSACI'/>
	<z:row LST_ID='4430' ENTRY_ID='5' LANG_ID='94' NAME='X.400' DATA='50' MAINTAINABLE='1' ROWID='AAAHaAAABAAAMbSACI'/>
	<z:row LST_ID='4430' ENTRY_ID='6' LANG_ID='121' NAME='Telex' DATA='50' MAINTAINABLE='1' ROWID='AAAHaAAABAAAMbSACJ'/>
	<z:row LST_ID='4430' ENTRY_ID='6' LANG_ID='94' NAME='telex' DATA='50' MAINTAINABLE='1' ROWID='AAAHaAAABAAAMbSACJ'/>
</rs:data>
</xml>
